[{
    "id":"1",
    "title":"Express-JS",
    "content":"<b>Express.js</b> is the best-suited Node.js framework for developing complex web apps such as RESTful APIs, Single-Page Applications (SPAs), real-time apps (with Socket.io), middleware-rich apps, and more."
},
{
    "id":"2",
    "title":"NestJS",
    "content":"Express.js is the best-suited Node.js framework for developing complex web apps such as RESTful APIs, Single-Page Applications (SPAs), real-time apps (with Socket.io), middleware-rich apps, and more."
},
{
    "id":"3",
    "title":"koa",
    "content":"Express.js is the best-suited Node.js framework for developing complex web apps such as RESTful APIs, Single-Page Applications (SPAs), real-time apps (with Socket.io), middleware-rich apps, and more."
},
{
    "id":"4",
    "title":"Fastify",
    "content":"Express.js is the best-suited Node.js framework for developing complex web apps such as RESTful APIs, Single-Page Applications (SPAs), real-time apps (with Socket.io), middleware-rich apps, and more."
},
{
    "id":"5",
    "title":"Hapi",
    "content":"Express.js is the best-suited Node.js framework for developing complex web apps such as RESTful APIs, Single-Page Applications (SPAs), real-time apps (with Socket.io), middleware-rich apps, and more."
},
{
    "id":"6",
    "title":"Sails-js",
    "content":"Express.js is the best-suited Node.js framework for developing complex web apps such as RESTful APIs, Single-Page Applications (SPAs), real-time apps (with Socket.io), middleware-rich apps, and more."
},

{
    "id":"7",
    "title":"Loopback",
    "content":"Express.js is the best-suited Node.js framework for developing complex web apps such as RESTful APIs, Single-Page Applications (SPAs), real-time apps (with Socket.io), middleware-rich apps, and more."
},

{
    "id":"8",
    "title":"Meteor-js",
    "content":"Express.js is the best-suited Node.js framework for developing complex web apps such as RESTful APIs, Single-Page Applications (SPAs), real-time apps (with Socket.io), middleware-rich apps, and more."
},

{
    "id":"9",
    "title":"Feathers-js",
    "content":"Express.js is the best-suited Node.js framework for developing complex web apps such as RESTful APIs, Single-Page Applications (SPAs), real-time apps (with Socket.io), middleware-rich apps, and more."
},

{
    "id":"10",
    "title":"Adonis-js",
    "content":"Express.js is the best-suited Node.js framework for developing complex web apps such as RESTful APIs, Single-Page Applications (SPAs), real-time apps (with Socket.io), middleware-rich apps, and more."
}
]